<ImportExportXml version="7.1.0001.3157" SolutionPackageVersion="7.1" languagecode="1033" generatedBy="CrmLive" xmlns:xsi="http://www.w3.org/2001/XMLSchema-instance">
  <SolutionManifest>
    <UniqueName>T1089505_JDSN_1_0_0_QA</UniqueName>
    <LocalizedNames>
      <LocalizedName description="T1089505_JDSN_1_0_0_QA" languagecode="1033" />
    </LocalizedNames>
    <Descriptions>
      <Description description="- Entities:&#xA;    - Sales Plan Entity&#xA;&#xA;- Web Resources:&#xA;    - new_SalesPlanJS&#xA;    - new_SalesPlan_Main_Library" languagecode="1033" />
    </Descriptions>
    <Version>1.0.0</Version>
    <Managed>0</Managed>
    <Publisher>
      <UniqueName>DefaultPublishersofttek</UniqueName>
      <LocalizedNames>
        <LocalizedName description="Default Publisher for softtek" languagecode="1033" />
      </LocalizedNames>
      <Descriptions>
        <Description description="Default publisher for this organization" languagecode="1033" />
      </Descriptions>
      <EMailAddress xsi:nil="true"></EMailAddress>
      <SupportingWebsiteUrl xsi:nil="true"></SupportingWebsiteUrl>
      <CustomizationPrefix>new</CustomizationPrefix>
      <CustomizationOptionValuePrefix>10000</CustomizationOptionValuePrefix>
      <Addresses>
        <Address>
          <AddressNumber>1</AddressNumber>
          <AddressTypeCode xsi:nil="true"></AddressTypeCode>
          <City xsi:nil="true"></City>
          <County xsi:nil="true"></County>
          <Country xsi:nil="true"></Country>
          <Fax xsi:nil="true"></Fax>
          <FreightTermsCode xsi:nil="true"></FreightTermsCode>
          <ImportSequenceNumber xsi:nil="true"></ImportSequenceNumber>
          <Latitude xsi:nil="true"></Latitude>
          <Line1 xsi:nil="true"></Line1>
          <Line2 xsi:nil="true"></Line2>
          <Line3 xsi:nil="true"></Line3>
          <Longitude xsi:nil="true"></Longitude>
          <Name xsi:nil="true"></Name>
          <PostalCode xsi:nil="true"></PostalCode>
          <PostOfficeBox xsi:nil="true"></PostOfficeBox>
          <PrimaryContactName xsi:nil="true"></PrimaryContactName>
          <ShippingMethodCode xsi:nil="true"></ShippingMethodCode>
          <StateOrProvince xsi:nil="true"></StateOrProvince>
          <Telephone1 xsi:nil="true"></Telephone1>
          <Telephone2 xsi:nil="true"></Telephone2>
          <Telephone3 xsi:nil="true"></Telephone3>
          <TimeZoneRuleVersionNumber xsi:nil="true"></TimeZoneRuleVersionNumber>
          <UPSZone xsi:nil="true"></UPSZone>
          <UTCOffset xsi:nil="true"></UTCOffset>
          <UTCConversionTimeZoneCode xsi:nil="true"></UTCConversionTimeZoneCode>
        </Address>
        <Address>
          <AddressNumber>2</AddressNumber>
          <AddressTypeCode xsi:nil="true"></AddressTypeCode>
          <City xsi:nil="true"></City>
          <County xsi:nil="true"></County>
          <Country xsi:nil="true"></Country>
          <Fax xsi:nil="true"></Fax>
          <FreightTermsCode xsi:nil="true"></FreightTermsCode>
          <ImportSequenceNumber xsi:nil="true"></ImportSequenceNumber>
          <Latitude xsi:nil="true"></Latitude>
          <Line1 xsi:nil="true"></Line1>
          <Line2 xsi:nil="true"></Line2>
          <Line3 xsi:nil="true"></Line3>
          <Longitude xsi:nil="true"></Longitude>
          <Name xsi:nil="true"></Name>
          <PostalCode xsi:nil="true"></PostalCode>
          <PostOfficeBox xsi:nil="true"></PostOfficeBox>
          <PrimaryContactName xsi:nil="true"></PrimaryContactName>
          <ShippingMethodCode xsi:nil="true"></ShippingMethodCode>
          <StateOrProvince xsi:nil="true"></StateOrProvince>
          <Telephone1 xsi:nil="true"></Telephone1>
          <Telephone2 xsi:nil="true"></Telephone2>
          <Telephone3 xsi:nil="true"></Telephone3>
          <TimeZoneRuleVersionNumber xsi:nil="true"></TimeZoneRuleVersionNumber>
          <UPSZone xsi:nil="true"></UPSZone>
          <UTCOffset xsi:nil="true"></UTCOffset>
          <UTCConversionTimeZoneCode xsi:nil="true"></UTCConversionTimeZoneCode>
        </Address>
      </Addresses>
    </Publisher>
    <RootComponents>
      <RootComponent type="1" schemaName="new_salesplan" />
      <RootComponent type="61" schemaName="new_SalesPlanJS" />
      <RootComponent type="61" schemaName="new_SalesPlan_Main_Library" />
    </RootComponents>
    <MissingDependencies>
      <MissingDependency>
        <Required key="0" type="9" schemaName="new_deliverymodel" displayName="Delivery Model" solution="Active" />
        <Dependent key="1" type="2" schemaName="new_deliverymodel" displayName="Delivery Model" parentSchemaName="new_salesplan" parentDisplayName="Sales Plan" />
      </MissingDependency>
      <MissingDependency>
        <Required key="2" type="9" schemaName="new_softtekmarket" displayName="Softtek Market" solution="Active" />
        <Dependent key="3" type="2" schemaName="new_softtekmarket" displayName="Softtek Market" parentSchemaName="new_salesplan" parentDisplayName="Sales Plan" />
      </MissingDependency>
      <MissingDependency>
        <Required key="4" type="9" schemaName="new_serviceofferingtype" displayName="Service Offering Type" solution="T_1911806_ChangestoServiceOfferingandServiceOfferi (1.0.0.0)" />
        <Dependent key="5" type="2" schemaName="new_serviceofferingtype" displayName="Service Offering Type" parentSchemaName="new_salesplan" parentDisplayName="Sales Plan" />
      </MissingDependency>
      <MissingDependency>
        <Required key="6" type="9" schemaName="new_technologygroup" displayName="Technology Group" solution="Active" />
        <Dependent key="7" type="2" schemaName="new_technologygroup" displayName="Technology Group" parentSchemaName="new_salesplan" parentDisplayName="Sales Plan" />
      </MissingDependency>
      <MissingDependency>
        <Required key="8" type="9" schemaName="new_serviceoffering" displayName="Service Offering" solution="T_1911806_ChangestoServiceOfferingandServiceOfferi (1.0.0.0)" />
        <Dependent key="9" type="2" schemaName="new_serviceoffering" displayName="Service Offering" parentSchemaName="new_salesplan" parentDisplayName="Sales Plan" />
      </MissingDependency>
      <MissingDependency>
        <Required key="10" type="9" schemaName="new_softtekvertical" displayName="Softtek Vertical" solution="T1936259ApplychangestoSofttekVerticalforMexicoCA (1.0.0.0)" />
        <Dependent key="11" type="2" schemaName="new_softtekvertical" displayName="Softtek Vertical" parentSchemaName="new_salesplan" parentDisplayName="Sales Plan" />
      </MissingDependency>
      <MissingDependency>
        <Required key="12" type="9" schemaName="new_marketscope" displayName="Market Scope" solution="Active" />
        <Dependent key="13" type="2" schemaName="new_marketscope" displayName="Market Scope" parentSchemaName="new_salesplan" parentDisplayName="Sales Plan" />
      </MissingDependency>
      <MissingDependency>
        <Required key="14" type="9" schemaName="new_opportunitytype" displayName="Opportunity Type" solution="Active" />
        <Dependent key="15" type="2" schemaName="new_opportunitytype" displayName="Opportunity Type" parentSchemaName="new_salesplan" parentDisplayName="Sales Plan" />
      </MissingDependency>
      <MissingDependency>
        <Required key="16" type="9" schemaName="new_softtekcountry" displayName="Softtek Country" solution="T1983015AddPuertoRicoinSofttekCountryOptionSet (1.0.0.0)" />
        <Dependent key="17" type="2" schemaName="new_softtekcountry" displayName="Softtek Country" parentSchemaName="new_salesplan" parentDisplayName="Sales Plan" />
      </MissingDependency>
      <MissingDependency>
        <Required key="18" type="1" schemaName="quote" displayName="Quote" solution="System" />
        <Dependent key="19" type="10" schemaName="new_quote_new_salesplan_Quote" displayName="new_quote_new_salesplan_Quote" parentSchemaName="new_salesplan" parentDisplayName="Sales Plan" />
      </MissingDependency>
      <MissingDependency>
        <Required key="20" type="1" schemaName="opportunity" displayName="Opportunity" solution="System" />
        <Dependent key="21" type="10" schemaName="new_opportunity_new_salesplan_Opportunity" displayName="new_opportunity_new_salesplan_Opportunity" parentSchemaName="new_salesplan" parentDisplayName="Sales Plan" />
      </MissingDependency>
      <MissingDependency>
        <Required key="22" type="1" schemaName="systemuser" displayName="User" solution="System" />
        <Dependent key="23" type="10" schemaName="new_systemuser_new_salesplan_BDM" displayName="new_systemuser_new_salesplan_BDM" parentSchemaName="new_salesplan" parentDisplayName="Sales Plan" />
      </MissingDependency>
      <MissingDependency>
        <Required key="24" type="1" schemaName="salesorder" displayName="Order" solution="System" />
        <Dependent key="25" type="10" schemaName="new_salesorder_new_salesplan_Order" displayName="new_salesorder_new_salesplan_Order" parentSchemaName="new_salesplan" parentDisplayName="Sales Plan" />
      </MissingDependency>
      <MissingDependency>
        <Required key="26" type="1" schemaName="account" displayName="Account" solution="System" />
        <Dependent key="27" type="10" schemaName="new_account_new_salesplan_Account" displayName="new_account_new_salesplan_Account" parentSchemaName="new_salesplan" parentDisplayName="Sales Plan" />
      </MissingDependency>
      <MissingDependency>
        <Required key="28" type="61" schemaName="new_copyOpp32" displayName="new_copyOpp32" solution="Active" />
        <Dependent key="29" type="50" schemaName="new_salesplan:RibbonDiffXml" parentSchemaName="ribboncustomization" parentDisplayName="Application Ribbons" />
      </MissingDependency>
      <MissingDependency>
        <Required key="30" type="61" schemaName="new_copyOpp16" displayName="new_copyOpp16" solution="Active" />
        <Dependent key="29" type="50" schemaName="new_salesplan:RibbonDiffXml" parentSchemaName="ribboncustomization" parentDisplayName="Application Ribbons" />
      </MissingDependency>
      <MissingDependency>
        <Required key="31" type="61" schemaName="new_SalesPlanReport16" displayName="new_SalesPlanReport16" solution="Active" />
        <Dependent key="29" type="50" schemaName="new_salesplan:RibbonDiffXml" parentSchemaName="ribboncustomization" parentDisplayName="Application Ribbons" />
      </MissingDependency>
      <MissingDependency>
        <Required key="32" type="61" schemaName="new_SalesPlanReport32" displayName="new_SalesPlanReport32" solution="Active" />
        <Dependent key="29" type="50" schemaName="new_salesplan:RibbonDiffXml" parentSchemaName="ribboncustomization" parentDisplayName="Application Ribbons" />
      </MissingDependency>
      <MissingDependency>
        <Required key="32" type="61" schemaName="new_SalesPlanReport32" displayName="new_SalesPlanReport32" solution="Active" />
        <Dependent key="29" type="50" schemaName="new_salesplan:RibbonDiffXml" parentSchemaName="ribboncustomization" parentDisplayName="Application Ribbons" />
      </MissingDependency>
      <MissingDependency>
        <Required key="31" type="61" schemaName="new_SalesPlanReport16" displayName="new_SalesPlanReport16" solution="Active" />
        <Dependent key="29" type="50" schemaName="new_salesplan:RibbonDiffXml" parentSchemaName="ribboncustomization" parentDisplayName="Application Ribbons" />
      </MissingDependency>
      <MissingDependency>
        <Required key="30" type="61" schemaName="new_copyOpp16" displayName="new_copyOpp16" solution="Active" />
        <Dependent key="29" type="50" schemaName="new_salesplan:RibbonDiffXml" parentSchemaName="ribboncustomization" parentDisplayName="Application Ribbons" />
      </MissingDependency>
      <MissingDependency>
        <Required key="28" type="61" schemaName="new_copyOpp32" displayName="new_copyOpp32" solution="Active" />
        <Dependent key="29" type="50" schemaName="new_salesplan:RibbonDiffXml" parentSchemaName="ribboncustomization" parentDisplayName="Application Ribbons" />
      </MissingDependency>
      <MissingDependency>
        <Required key="33" type="61" schemaName="new_CRM.Utils" displayName="new_CRM.Utils" solution="Active" />
        <Dependent key="34" type="60" displayName="Information" parentDisplayName="Sales Plan" id="{57d091c0-faba-4462-b5fb-049d29845f98}" />
      </MissingDependency>
      <MissingDependency>
        <Required key="35" type="61" schemaName="new_XrmServiceToolkit" displayName="new_XrmServiceToolkit" solution="Active" />
        <Dependent key="34" type="60" displayName="Information" parentDisplayName="Sales Plan" id="{57d091c0-faba-4462-b5fb-049d29845f98}" />
      </MissingDependency>
      <MissingDependency>
        <Required key="36" type="61" schemaName="new_Opp_Ribbon_Functions_2" displayName="new_Opp_Ribbon_Functions_2" solution="Active" />
        <Dependent key="34" type="60" displayName="Information" parentDisplayName="Sales Plan" id="{57d091c0-faba-4462-b5fb-049d29845f98}" />
      </MissingDependency>
      <MissingDependency>
        <Required key="37" type="61" schemaName="new_softtek_scripts_util_dynamicform" displayName="new_softtek_scripts_util_dynamicform" solution="T_1911806_Process (1.0.0.0)" />
        <Dependent key="34" type="60" displayName="Information" parentDisplayName="Sales Plan" id="{57d091c0-faba-4462-b5fb-049d29845f98}" />
      </MissingDependency>
    </MissingDependencies>
  </SolutionManifest>
</ImportExportXml>