<ImportExportXml xmlns:xsi="http://www.w3.org/2001/XMLSchema-instance">
  <Entities></Entities>
  <Roles></Roles>
  <Workflows></Workflows>
  <FieldSecurityProfiles></FieldSecurityProfiles>
  <Templates />
  <EntityMaps />
  <EntityRelationships />
  <OrganizationSettings />
  <optionsets />
  <WebResources>
    <WebResource>
      <WebResourceId>{3d27ee43-123a-e511-80d8-3863bb2ef238}</WebResourceId>
      <Name>new_SalesPlanJS</Name>
      <DisplayName>SalesPlanJS</DisplayName>
      <WebResourceType>3</WebResourceType>
      <IntroducedVersion>1.0</IntroducedVersion>
      <IsEnabledForMobileClient>0</IsEnabledForMobileClient>
      <IsCustomizable>1</IsCustomizable>
      <CanBeDeleted>1</CanBeDeleted>
      <IsHidden>0</IsHidden>
      <FileName>/WebResources/new_SalesPlanJS3D27EE43-123A-E511-80D8-3863BB2EF238</FileName>
    </WebResource>
    <WebResource>
      <WebResourceId>{4a11b0a8-d250-e511-80df-3863bb366078}</WebResourceId>
      <Name>new_SalesPlan_Main_Library</Name>
      <DisplayName>Softtek Scripts [Sales Plan]</DisplayName>
      <WebResourceType>3</WebResourceType>
      <IntroducedVersion>1.0</IntroducedVersion>
      <IsEnabledForMobileClient>0</IsEnabledForMobileClient>
      <IsCustomizable>1</IsCustomizable>
      <CanBeDeleted>1</CanBeDeleted>
      <IsHidden>0</IsHidden>
      <FileName>/WebResources/new_SalesPlan_Main_Library4A11B0A8-D250-E511-80DF-3863BB366078</FileName>
    </WebResource>
  </WebResources>
  <Languages>
    <Language>1033</Language>
    <Language>3082</Language>
  </Languages>
</ImportExportXml>